complaint_text,category,source,label_status
The ceiling fan in my hostel room makes a loud noise and stops after a few minutes.,Hostel,synthetic,unverified
There has been no water in the washroom on the second floor since this morning.,Hostel,synthetic,unverified
The light in room B-214 keeps flickering and the switch feels loose.,Hostel,synthetic,unverified
Several taps in the girls hostel bathroom are leaking and the floor stays wet.,Hostel,synthetic,unverified
Please repair the broken window latch in hostel room A-108.,Hostel,synthetic,unverified
The water cooler near the hostel common room is not cooling water.,Hostel,synthetic,unverified
Our corridor lights are not working after 9 pm.,Hostel,synthetic,unverified
There is a leak from the bathroom ceiling in room C-306.,Hostel,synthetic,unverified
The hostel laundry area has been closed for the past week without notice.,Hostel,synthetic,unverified
The mattress in my assigned room is torn and needs replacement.,Hostel,synthetic,unverified
The hostel elevator has stopped working and residents on upper floors cannot use it.,Hostel,synthetic,unverified
The common room door does not lock properly.,Hostel,synthetic,unverified
The bathroom exhaust fan is very noisy and does not clear the steam.,Hostel,synthetic,unverified
There are mosquitoes in the hostel corridor because the drain is blocked.,Hostel,synthetic,unverified
The room number plate outside my door has fallen off.,Hostel,synthetic,unverified
The hostel kitchen tap is loose and water sprays when it is turned on.,Hostel,synthetic,unverified
Please add a study table lamp to the shared hostel study room.,Hostel,synthetic,unverified
The hot water supply stopped working in our block this morning.,Hostel,synthetic,unverified
The hostel gate access reader does not recognize student cards.,Hostel,synthetic,unverified
The cupboard hinge in room D-112 has come loose.,Hostel,synthetic,unverified
The rice served at dinner was undercooked.,Mess,synthetic,unverified
There are no clean spoons available at the lunch counter.,Mess,synthetic,unverified
The drinking water container in the mess has a bad smell.,Mess,synthetic,unverified
The mess menu has not been displayed for this week.,Mess,synthetic,unverified
The vegetarian meal option ran out before the lunch service ended.,Mess,synthetic,unverified
The queue at the breakfast counter moves very slowly and many students miss class.,Mess,synthetic,unverified
The dining tables are sticky after the evening meal.,Mess,synthetic,unverified
Please provide labels for dishes that contain common allergens.,Mess,synthetic,unverified
The mess staff served cold food during dinner today.,Mess,synthetic,unverified
The fruit served at lunch was bruised and overripe.,Mess,synthetic,unverified
The serving area had flies near the uncovered food trays.,Mess,synthetic,unverified
The meal price on the receipt is higher than the price on the posted menu.,Mess,synthetic,unverified
There were no cups at the tea counter this afternoon.,Mess,synthetic,unverified
The mess exhaust fan is not removing smoke from the cooking area.,Mess,synthetic,unverified
Please add a non-spicy option to the dinner menu.,Mess,synthetic,unverified
The handwashing sink beside the dining hall is blocked.,Mess,synthetic,unverified
The lunch portions were much smaller than the portions listed on the menu.,Mess,synthetic,unverified
The counter was closed before the posted breakfast service time ended.,Mess,synthetic,unverified
There was a small piece of plastic in the salad served at lunch.,Mess,synthetic,unverified
The mess billing kiosk printed the wrong meal charge on my receipt.,Mess,synthetic,unverified
The lecture room projector does not display the instructor's laptop.,Academic,synthetic,unverified
My attendance for Tuesday's lab is missing from the student portal.,Academic,synthetic,unverified
The timetable lists two required classes in the same time slot.,Academic,synthetic,unverified
The course page does not show the reading list for this semester.,Academic,synthetic,unverified
The marks shown for my assignment differ from the returned rubric.,Academic,synthetic,unverified
The exam room for course CS204 is not listed on the schedule.,Academic,synthetic,unverified
The laboratory computers are missing the software required for today's exercise.,Academic,synthetic,unverified
The lecture recording for last Friday is not available on the course page.,Academic,synthetic,unverified
I submitted the form to correct my exam registration but have not received an update.,Academic,synthetic,unverified
The classroom whiteboard is difficult to read because the markers are dry.,Academic,synthetic,unverified
The course enrollment page gives an error when I try to add the required elective.,Academic,synthetic,unverified
The assignment deadline on the portal differs from the date announced in class.,Academic,synthetic,unverified
The lab session was cancelled but the timetable still shows it as mandatory.,Academic,synthetic,unverified
Please clarify the process for requesting a recheck of exam marks.,Academic,synthetic,unverified
The classroom microphone cuts out whenever the lecturer speaks from the back of the room.,Academic,synthetic,unverified
The department has not posted the updated project submission guidelines.,Academic,synthetic,unverified
My course registration is marked incomplete even though all required fields are filled.,Academic,synthetic,unverified
The lab assistant was not available during the scheduled practical session.,Academic,synthetic,unverified
The exam portal timed out while I was uploading my answer sheet.,Academic,synthetic,unverified
Please provide the lecture notes in an accessible digital format.,Academic,synthetic,unverified
The Wi-Fi disconnects every few minutes in the engineering block.,Wi-Fi & Network,synthetic,unverified
I cannot connect to the campus network from the library reading area.,Wi-Fi & Network,synthetic,unverified
The guest Wi-Fi login page keeps reloading after I enter my details.,Wi-Fi & Network,synthetic,unverified
Internet access is unavailable in the entire east wing this afternoon.,Wi-Fi & Network,synthetic,unverified
The network signal is very weak in classroom 204.,Wi-Fi & Network,synthetic,unverified
The campus Wi-Fi password listed on the notice board no longer works.,Wi-Fi & Network,synthetic,unverified
Several students cannot access the online course portal from campus Wi-Fi.,Wi-Fi & Network,synthetic,unverified
The access point near the computer lab appears to be offline.,Wi-Fi & Network,synthetic,unverified
The network is slow when uploading files from the design studio.,Wi-Fi & Network,synthetic,unverified
My device connects to campus Wi-Fi but cannot open any websites.,Wi-Fi & Network,synthetic,unverified
The wired internet port in the media lab has no connection.,Wi-Fi & Network,synthetic,unverified
The network login rejects my account even after a password reset.,Wi-Fi & Network,synthetic,unverified
All computers in the west lab lost internet access during class.,Wi-Fi & Network,synthetic,unverified
Video lectures keep buffering on the campus network.,Wi-Fi & Network,synthetic,unverified
The Wi-Fi network name is missing from the available networks list in Block C.,Wi-Fi & Network,synthetic,unverified
The campus portal is unavailable whenever I use the student Wi-Fi.,Wi-Fi & Network,synthetic,unverified
The router in the seminar hall seems to restart repeatedly.,Wi-Fi & Network,synthetic,unverified
The network blocks access to a website required for our coursework.,Wi-Fi & Network,synthetic,unverified
The Wi-Fi works outdoors but drops as soon as I enter the north building.,Wi-Fi & Network,synthetic,unverified
Please add reliable Wi-Fi coverage to the open study area.,Wi-Fi & Network,synthetic,unverified
The campus bus did not arrive at the science gate pickup point.,Transport,synthetic,unverified
The posted shuttle timetable does not match the current departure times.,Transport,synthetic,unverified
The driver skipped the stop beside the sports complex.,Transport,synthetic,unverified
The bus route is overcrowded during the afternoon return trip.,Transport,synthetic,unverified
The transport office has not updated my bus pass after renewal.,Transport,synthetic,unverified
The campus shuttle arrived 25 minutes late this morning.,Transport,synthetic,unverified
The seat belt on seat 12 of bus 4 is broken.,Transport,synthetic,unverified
The bus stop sign near the north gate has fallen down.,Transport,synthetic,unverified
The route map does not show the new residence hall stop.,Transport,synthetic,unverified
The shuttle air conditioning is not working on the afternoon route.,Transport,synthetic,unverified
The bus door did not close fully while the vehicle was moving.,Transport,synthetic,unverified
Several students were left waiting because the last shuttle departed early.,Transport,synthetic,unverified
The campus bus driver could not find the listed pickup location.,Transport,synthetic,unverified
Please add a morning shuttle from the west parking area.,Transport,synthetic,unverified
The transport pass scanner failed for multiple students at the main gate.,Transport,synthetic,unverified
The bus interior lights are not working during the evening route.,Transport,synthetic,unverified
The shuttle route to the medical center has been cancelled without notice.,Transport,synthetic,unverified
The bus stop shelter roof leaks when it rains.,Transport,synthetic,unverified
The driver braked suddenly and several standing passengers fell.,Transport,synthetic,unverified
My bus pass shows the wrong route number.,Transport,synthetic,unverified
"The library catalogue says a book is available, but it is not on the shelf.",Library,synthetic,unverified
The library closes before the published closing time on weekends.,Library,synthetic,unverified
There are no working power outlets at the second-floor study desks.,Library,synthetic,unverified
The self-checkout machine cannot scan my student card.,Library,synthetic,unverified
The return slot is full and I cannot return borrowed books.,Library,synthetic,unverified
The library reading room lights are too dim in the back rows.,Library,synthetic,unverified
The online catalogue has been unavailable since this morning.,Library,synthetic,unverified
Several books on the reserve shelf have damaged pages.,Library,synthetic,unverified
The study room booking system removed my confirmed reservation.,Library,synthetic,unverified
Please add more copies of the required textbook for Biology 101.,Library,synthetic,unverified
The library printer is out of paper and has not been refilled.,Library,synthetic,unverified
The reference desk was unattended during its posted service hours.,Library,synthetic,unverified
The air conditioning in the library quiet zone is not working.,Library,synthetic,unverified
The library lift stopped between floors with a student inside.,Library,synthetic,unverified
The book return receipt lists the wrong return date.,Library,synthetic,unverified
Noise from a nearby group is making the silent study area difficult to use.,Library,synthetic,unverified
The library restrooms need cleaning during the afternoon.,Library,synthetic,unverified
I cannot renew my library book through the online account.,Library,synthetic,unverified
The library has no accessible desk available on the ground floor.,Library,synthetic,unverified
Please extend library hours during the exam period.,Library,synthetic,unverified
The pedestrian crossing near the main gate has faded markings.,General,synthetic,unverified
The campus sign pointing to the health center is missing.,General,synthetic,unverified
Water is pooling on the walkway beside the administration building.,General,synthetic,unverified
The outdoor lighting near the west parking lot does not turn on.,General,synthetic,unverified
The online lost-and-found form gives an error when I submit it.,General,synthetic,unverified
The recycling bins outside the auditorium are overflowing.,General,synthetic,unverified
The public notice board near the entrance has outdated event information.,General,synthetic,unverified
The accessible ramp at the auditorium entrance is blocked by stored equipment.,General,synthetic,unverified
The campus clock outside the administration office is showing the wrong time.,General,synthetic,unverified
The queue for visitor registration extends outside the main office.,General,synthetic,unverified
The drinking fountain near the sports field is leaking.,General,synthetic,unverified
The campus map does not show the new student services office.,General,synthetic,unverified
The benches in the central courtyard have loose boards.,General,synthetic,unverified
Please add a sheltered waiting area near the clinic entrance.,General,synthetic,unverified
The auditorium microphone stand is unstable and may tip over.,General,synthetic,unverified
The public restroom near the main gate has no soap.,General,synthetic,unverified
The campus event calendar lists a room that is already booked.,General,synthetic,unverified
The main entrance turnstile is stuck open and does not register entries.,General,synthetic,unverified
The campus garden hose was left running and flooded the nearby path.,General,synthetic,unverified
Please add a clear process for reporting lost student ID cards.,General,synthetic,unverified
